,danceability,energy,loudness,speechiness,acousticness,instrumentalness,liveness,valence,tempo,artist_id,artist_name
909,0.6256,0.7863,-5.5266,0.20282,0.11356999999999999,0.013855000000000001,0.18658999999999998,0.4949,102.10170000000001,01QTIT5P1pFP3QnnFSdsJf,Lupe Fiasco
790,0.6504,0.7301,-6.6045,0.26433,0.048242,2.1479999999999998e-05,0.18911,0.4365,104.0566,030sRm1rnXI9MeQ23pdax8,Boyz N Da Hood
1919,0.7589,0.5823,-8.223,0.18342,0.13919399999999998,0.00032072000000000003,0.17623,0.4465,108.4829,0399oiMcmbOzzsYQDNYqxn,Problem
999,0.7376,0.7087,-5.6716,0.24522,0.098069,7.306999999999999e-05,0.18652,0.611,135.2677,07VmOvmuBp9G0gb8BTrpn0,Mike Jones
200,0.6146,0.6283000000000001,-6.8526,0.1682,0.194956,0.019585196,0.22117,0.6041000000000001,121.3096,07d5etnpjriczFBB8pxmRe,BJ The Chicago Kid
1389,0.8406,0.6985,-6.539499999999999,0.22037,0.09520100000000001,9.272999999999999e-05,0.15960000000000002,0.5673999999999999,123.98389999999999,08Ld63UgKrJ0nZnCkzHtzc,Project Pat
90,0.7468,0.5631999999999999,-6.7448999999999995,0.19085999999999997,0.13343,7.1767e-05,0.20032,0.39180000000000004,129.01479999999998,0A0FS04o6zMoto8OKPsDwY,YG
1609,0.7417,0.6799999999999999,-6.09,0.22490000000000002,0.1197992,5.17e-06,0.19102,0.521,141.22830000000002,0CKa42Jqrc9fSFbDjePaXP,Big K.R.I.T.
440,0.6324,0.7363,-5.3988,0.27259,0.088109,4.15e-05,0.31386,0.33784000000000003,101.4743,0EeQBlQJFiAfJeVN2vT9s0,Nipsey Hussle
1549,0.7333999999999999,0.5841000000000001,-6.8884,0.07108,0.18258000000000002,1.24e-06,0.13923000000000002,0.4929,107.25019999999999,0FtsMKmZEq8fBWqdSOWtqp,03 Greedo
590,0.7363999999999999,0.7168,-6.9474,0.24438,0.052779,0.04701034,0.17961,0.6464000000000001,112.2443,0I5HubncQ8E1MFZOlPDY4J,Trinidad James
330,0.6485000000000001,0.6476,-8.064499999999999,0.1641,0.243269,0.007828656,0.22671000000000002,0.5023,137.4238,0JdGPxHeRGfOyZg3EHwp2g,Alex Wiley
1229,0.6968,0.597,-9.5136,0.21756999999999999,0.43170000000000003,0.001663038,0.27260999999999996,0.37679999999999997,116.60119999999999,0JuDxOwz1e3Wx05t8e3AT3,Sylvan LaCue
510,0.7222999999999999,0.6467,-5.5485999999999995,0.13996,0.1498262,0.016191965,0.21161,0.27809999999999996,135.3942,0NWbwDZY1VkRqFafuQm6wk,Mike WiLL Made-It
1459,0.6336,0.7699,-4.6431,0.2783,0.164429,0.001637763,0.25833,0.6308,116.51410000000001,0ONHkAv9pCAFxb0zJwDNTy,Pusha T
1629,0.5937,0.7621,-4.7905999999999995,0.2851,0.1106926,0.000347494,0.3661,0.6757,102.74000000000001,0P8YNJXX7QeQ8iZIUCXJgi,The Diplomats
110,0.6147,0.6448,-4.9031,0.13878,0.0588066,2.55e-06,0.2064,0.39814,122.00330000000001,0QHgL1lAIqAw0HtD7YldmP,DJ Khaled
1449,0.622,0.6311,-6.388,0.25356,0.100756,0.0,0.18301,0.47119999999999995,125.1596,0T5OJgMVjKIX3b3W3ekqOl,Rocko
450,0.5549999999999999,0.6451,-9.0633,0.24513,0.32039,0.009817509999999998,0.2881,0.55,105.3203,0TkqXdyWLsssJH7okthMPQ,Jay Electronica
580,0.7592,0.5801999999999999,-7.7931,0.27605,0.0567749,0.0,0.13682,0.5231,104.2055,0VKTLKamj4IH8OfQbUL0kq,Dem Franchize Boyz
1889,0.7594000000000001,0.6507,-5.584300000000001,0.19013,0.13091,1.5815e-05,0.16665000000000002,0.46319999999999995,136.6981,0VRj0yCOv2FXJNP47XQnx5,Quavo
100,0.7594000000000001,0.67,-6.2535,0.24272,0.09412000000000001,4.1200000000000005e-05,0.20863,0.5393,137.6254,0WOxhx4hikIsyF3CRPLC8W,Famous Dex
480,0.722,0.49749999999999994,-7.928700000000001,0.22747,0.21134,6.5287e-05,0.13744,0.45249000000000006,127.51910000000001,0XIKGBo9PnK1ApI5tZA60d,DaniLeigh
140,0.6149,0.6148,-8.551,0.221,0.33563,6.6275e-05,0.17402,0.5404,94.2184,0Y4inQK6OespitzD6ijMwb,Freddie Gibbs
869,0.6952,0.6797,-7.0593,0.16088,0.21861999999999998,0.0,0.17439,0.6039,127.82739999999998,0YWxKQj2Go9CGHCp77UOyy,Fabolous
979,0.6628000000000001,0.5648,-8.9046,0.13512,0.05107199999999999,0.00034685,0.2752,0.3181,133.9859,0bZ9jANLkwEFVcSnHnwrpb,UnoTheActivist
420,0.6899,0.7391,-6.0268999999999995,0.14718,0.0502649,3.96e-07,0.32511,0.4692,136.0363,0bfX8pF8kuHNCs57Ms4jZb,Roscoe Dash
830,0.7511,0.6172000000000001,-5.9575000000000005,0.15138000000000001,0.115727,0.00019108599999999998,0.29713,0.40234000000000003,115.3951,0c173mlxpT3dSFRgMO8XPh,Big Sean
1909,0.5622,0.41559999999999997,-9.3417,0.11198999999999999,0.5043,0.0009816719999999998,0.17646,0.3274,111.9929,0f2YkMXwFNJNSX7MymevKE,Kaash Paige
1069,0.6798,0.6219,-6.7801,0.07273,0.26610900000000004,0.093696243,0.22254000000000002,0.5176000000000001,125.0165,0fA0VVWsXO9YnASrzqfmYu,Kid Cudi
1039,0.634,0.7019,-7.2361,0.27702,0.17557,0.00041220100000000006,0.19255,0.5033,120.65650000000001,0g9vAlRPK9Gt3FKCekk4TW,Ab-Soul
1599,0.7424000000000001,0.6688,-6.2428,0.30871,0.15192,2.68e-07,0.18703,0.5193,115.5694,0huGjMyP507tBCARyzSkrv,Cordae
800,0.6955,0.5909,-6.1989,0.1774,0.196722,0.010117356000000001,0.13842000000000002,0.2898,116.92060000000001,0iEtIxbK0KxaSlF7G42ZOp,Metro Boomin
1249,0.7209,0.6513,-5.4485,0.24409,0.0950796,0.00017280300000000002,0.17696,0.3949,127.0036,0st5vgzw9XkH5ALJiUM1lE,Slim Thug
1869,0.7767000000000001,0.5237999999999999,-8.8748,0.16385,0.094713,0.00018894000000000002,0.22016999999999998,0.4203,126.1925,0t5qZrvVCo9YIUT87SQrTn,OJ Da Juiceman
879,0.575,0.7594000000000001,-6.5735,0.3325,0.07127,0.000147497,0.16907,0.5988,110.5269,0tCtGc5vt29zFZp6KXzN50,Beanie Sigel
490,0.6011,0.6131,-7.5379000000000005,0.32799999999999996,0.42382,2.5059999999999997e-05,0.22193999999999997,0.3968,100.8648,0tPjSrb43a58uznKru1k2P,A$AP Twelvyy
1209,0.6617,0.6988,-5.6171999999999995,0.13923000000000002,0.164673,1.303e-06,0.21122000000000002,0.5483,141.9635,137W8MRPWKqSmrBGDBFSop,Wiz Khalifa
1109,0.6847,0.6657,-7.1487,0.13229,0.109986,0.073739508,0.17266,0.42259,129.4839,13ubrt8QOOCPljQ2FL1Kca,A$AP Rocky
1539,0.7735000000000001,0.6295,-6.531700000000001,0.19677,0.05742499999999999,4.6423e-05,0.26199,0.45919999999999994,141.203,13y7CgLHjMVRMDqxdx0Xdo,Gucci Mane
1299,0.6916,0.5696,-6.4616,0.15092999999999998,0.07256456,5.19e-05,0.19993,0.29947,134.256,15iVAtD3s3FsQR4w1v6M0P,Chief Keef
260,0.7142,0.6515,-5.8722,0.2306,0.03894,8.87e-05,0.25034,0.43790000000000007,116.3903,17lzZA2AlOHwCwFALHttmp,2 Chainz
160,0.6395000000000001,0.7125999999999999,-6.0253,0.24706999999999998,0.06709200000000001,3.92e-06,0.26925,0.4227,123.2779,18HVMQsV3tINaTyzT5UIjH,CyHi
610,0.5942999999999999,0.62,-6.848000000000001,0.15691,0.075452,6.640000000000001e-07,0.26221,0.391,130.8251,19Fi1Rj7kk8kyiwxpXy3yM,August Alsina
1409,0.7134,0.6446,-7.8589,0.21732,0.144687,0.00431155,0.27991,0.5236,98.9598,1LrWZc2qPhRCHyr6XtpBxq,Dizzy Wright
1789,0.7208,0.6322,-7.2890999999999995,0.11768,0.10780400000000001,8.410000000000001e-07,0.16144,0.492,122.7039,1MlV4b7HGi4AiZWXholyVu,IshDARR
1929,0.7106,0.5979,-6.0744,0.22578,0.096841,0.051894759,0.18506,0.29815,115.22150000000002,1RyvyyTE3xzB2ZywiAwp0i,Future
1419,0.7388,0.6188,-6.9131,0.18448,0.07938769999999999,0.010140427,0.14926,0.3087,135.981,1URnnhqYAYcrqrcwql10ft,21 Savage
190,0.6365000000000001,0.5593,-5.5106,0.10093,0.14298,8.439999999999999e-06,0.21078999999999998,0.35666,92.563,1W3FSF1BLpY3hlVIgvenLz,The-Dream
1989,0.6218999999999999,0.6809000000000001,-5.9687,0.13887,0.110361,5.48e-07,0.1319,0.49119999999999997,120.662,1Xfmvd48oOhEWkscWyEbh9,Lloyd
1499,0.861,0.6416000000000001,-4.9607,0.17743,0.11423000000000001,1.0319e-05,0.16707,0.3955,128.3625,1Zatb2YN4erBOoSivOXc0o,O.T. Genasis
760,0.6694,0.6656,-6.9807999999999995,0.22222,0.35499,0.00011205499999999998,0.20318999999999998,0.60072,134.2046,1ZyUXvaBXUsIZ3JD6jYGkt,Nyck Caution
640,0.6722,0.6018,-7.5199,0.23454999999999998,0.247227,9.404999999999999e-06,0.09713999999999999,0.5058,123.10319999999999,1anyVhU62p31KFi8MEzkbf,Chance the Rapper
130,0.7193,0.5666,-7.4355,0.0966,0.22795,1.9660000000000003e-06,0.11026,0.43220000000000003,140.1397,1cNDP5yjU5vjeR8qMf4grg,YNW Melly
270,0.7542,0.5716,-9.0305,0.18817,0.17109000000000002,2.5934e-05,0.2129,0.36960000000000004,108.7702,1dqGS5sT6PE2wEvP1gROZC,Flatbush Zombies
1749,0.7289,0.6086,-6.2992,0.19276,0.161912,0.10801897,0.08811,0.5316,127.2592,1ewyVtTZBqFYWIcepopRhp,Joey Purp
989,0.7133,0.6858000000000001,-5.887600000000001,0.27583,0.0364494,1.23e-07,0.18169,0.5265,128.6251,1fQ46lgoUCz8FVXdTVNk0a,Hurricane Chris
949,0.6029,0.5074,-8.528,0.10591999999999999,0.36811,1.2944e-05,0.11526,0.3797,122.90119999999999,1fQWUHoSWhlrc9rmHi2xnE,Nbdy
1469,0.8593,0.6679999999999999,-7.3614999999999995,0.3198,0.095832,0.0010715979999999998,0.18979,0.5556,130.9803,1iJdyDcY98X3GMnUesl7tf,Comethazine
1169,0.6906,0.6907,-6.4201,0.31461,0.2672,2.544e-05,0.20786,0.47009999999999996,128.4246,1iNqsUDUraNWrj00bqssQG,Dreamville
889,0.5709,0.7476,-5.9557,0.22315999999999997,0.30351,5.280000000000001e-07,0.3046,0.4338,99.4512,1nSpOxq3pcgomrfpXudQuq,Kirk Knight
570,0.7234,0.6307,-6.7963000000000005,0.25599,0.177912,0.0,0.15296,0.44939999999999997,133.9279,1pPmIToKXyGdsCF6LmqLmI,Rich The Kid
370,0.5776,0.7018,-5.3296,0.19569999999999999,0.069061,7.629999999999999e-07,0.20803,0.3921,121.67550000000001,1sBkRIssrMs1AbVkOJbc7a,Rick Ross
210,0.6117999999999999,0.7933,-5.3504,0.24756999999999998,0.23890099999999997,1.11e-05,0.24491999999999997,0.5937,109.3895,20apXQGKM00jJTvYfyKwlb,Maino
1489,0.6451,0.6384000000000001,-5.403499999999999,0.19672,0.19803300000000001,0.0,0.26187,0.3666,110.41480000000001,20sxb77xiYeusSH8cVdatc,Meek Mill
690,0.6674,0.6463,-5.752000000000001,0.18134999999999998,0.21707,0.0,0.13534,0.48639,139.65730000000002,21WS9wngs9AqFckK7yYJPM,PnB Rock
1739,0.7733000000000001,0.5989,-6.9849000000000006,0.12899,0.039897,1.3359999999999999e-05,0.21515,0.5816,126.9616,23LbwefIODbyGdRbAz3urj,Yung Joc
500,0.6675,0.596,-7.097799999999999,0.21939999999999998,0.074012,1.6289999999999998e-06,0.18370999999999998,0.49850000000000005,115.503,23sYU61n9f1CzYi8NJhAXS,Towkio
680,0.693,0.6611,-5.7373,0.15603,0.14765999999999999,0.00015459000000000002,0.26345,0.48630000000000007,115.4473,27w1NoOLMX7tJMYqcetPyG,VIC MENSA
1289,0.738,0.6621,-6.0451,0.23420999999999997,0.0990713,1.3200000000000002e-07,0.19280999999999998,0.4654,121.4695,28ExwzUQsvgJooOI0X1mr3,Jay Rock
1829,0.654,0.5153000000000001,-7.612,0.11705000000000002,0.26975,0.0006333,0.23767,0.4415,113.50150000000001,2EMAnMvWE2eb56ToJVfCWs,Bryson Tiller
1729,0.5923999999999999,0.5097,-7.961499999999999,0.06771,0.17291,0.001065203,0.14542,0.20124,114.8445,2HPaUgqeutzr3jx5a9WyDV,PARTYNEXTDOOR
550,0.7596,0.6631,-5.9665,0.23103,0.11374,3.66e-06,0.12772999999999998,0.5599000000000001,132.6182,2HUwZ0kumzCSlhFcjFZfpp,Flipp Dinero
150,0.7308,0.553,-7.0929,0.07042000000000001,0.24011,6.993000000000001e-06,0.1669,0.49219999999999997,128.6267,2I9SLklAOG0vdMiUUMNxRl,88GLAM
720,0.6632,0.7202999999999999,-4.1564,0.30169999999999997,0.23567,4.593200000000001e-05,0.22912,0.58737,105.51700000000001,2J257euzcjnDLipsyJH3F2,Clipse
10,0.7965,0.6408,-7.608700000000001,0.27859,0.032332,1.597e-05,0.24216000000000001,0.5324,109.79249999999999,2OqENqJFXPORP4BUGnu2Qq,Youngbloodz
1359,0.6664,0.7205,-5.2726999999999995,0.27162000000000003,0.29873000000000005,3.2936e-05,0.3529,0.6127,134.9334,2P5sC9cVZDToPxyomzF1UH,Joey Bada$$
410,0.7589,0.5751000000000001,-7.1480999999999995,0.20461999999999997,0.17876319999999998,0.152261268,0.22608999999999999,0.39072999999999997,134.8484,2RDOrhPqAM4jzTRCEb19qX,Sheck Wes
1179,0.7448,0.6183,-6.1695,0.14865,0.0656202,3.0640000000000005e-05,0.13913,0.399,119.451,2YZyLoL8N0Wb9xBt1NhZWg,Kendrick Lamar
1949,0.6242,0.8139,-4.6424,0.24445999999999998,0.0975564,2.396e-05,0.3105,0.5072,113.2204,2cADQgiLMjNhbsfeN52Bf3,Swizz Beatz
700,0.8352999999999999,0.5237,-7.2976,0.17492999999999997,0.208113,0.0007271800000000001,0.18303,0.3387,119.86330000000001,2hlmm7s2ICUX0LVIhVFlZQ,Gunna
1259,0.7064,0.6587,-5.8426,0.0872,0.181083,4.765e-06,0.27292,0.44160000000000005,104.79490000000001,2iojnBLj0qIMiKPvVhLnsH,Trey Songz
1349,0.6428,0.5923,-7.894800000000001,0.17025,0.17757,1.085e-05,0.17703,0.50265,112.9807,2jku7tDXc6XoB6MO2hFuqg,Tory Lanez
770,0.6118,0.7866,-6.0021,0.29500000000000004,0.06761110000000001,0.0,0.23015,0.48340000000000005,118.3421,2x8KDZdSONA3872CnhaAlX,Styles P
1769,0.7670999999999999,0.5851,-7.089499999999999,0.16446,0.20306699999999997,2.274e-06,0.16302,0.36123,136.4306,31HjiqargV4NAw4GZqUale,Ace Hood
1479,0.7711,0.6476,-6.745099999999999,0.363,0.072621,6.719999999999999e-07,0.17478,0.46109999999999995,155.0454,34Y0ldeyUv7jBvukWOGASO,Bobby Shmurda
1199,0.7273,0.6385,-6.8668000000000005,0.1868,0.26429800000000003,1.24e-07,0.15835,0.5317999999999999,135.8562,35sCXuy5gN6Or69rZ9vqBs,Birdman
1969,0.6052000000000001,0.5628,-8.2121,0.11004,0.160681,0.00196292,0.16576,0.4025,110.4835,360IAlyVv4PCEVjgyMZrxK,Miguel
1309,0.5700000000000001,0.6322,-6.4116,0.23666,0.211439,0.052700770999999993,0.3396,0.6121000000000001,127.1517,3A5tHz1SfngyOZM2gItYKu,Earl Sweatshirt
1159,0.6876,0.7005,-7.071299999999999,0.23044000000000003,0.08036,2.4308000000000002e-05,0.12768,0.46909999999999996,138.8323,3EIX8WuD9ybB4ruz0MSilB,Lil Gnar
1809,0.8634000000000001,0.6275000000000001,-6.0052,0.16094999999999998,0.11137999999999999,5.393000000000001e-05,0.15727,0.3988,138.4047,3HiuzBlSW7pGDXlSFMhO2g,Young Dolph
1839,0.6644,0.5142,-7.025799999999999,0.12205000000000002,0.33851,8.713e-06,0.11102000000000001,0.36903,120.67960000000001,3KV3p5EY4AvKxOlhGHORLg,Jeremih
650,0.7013,0.5402,-7.771600000000001,0.16698,0.0845667,0.008688859,0.2298,0.3412,128.1387,3TVXtAsR1Inumwj472S9r4,Drake
660,0.7567999999999999,0.7137,-5.7854,0.13518,0.1878777,0.017674799999999997,0.2223,0.4907,130.7462,3Y365ZqTf6fJ4ZcRnLKPGt,Gorilla Zoe
1319,0.5745,0.4274,-9.9215,0.13881,0.40245,0.00012263,0.13966,0.26208,98.71669999999999,3Y7RZ31TRPVadSFVy1o8os,H.E.R.
520,0.7878999999999999,0.639,-6.9375,0.23801,0.0627903,1.26e-05,0.14642,0.6065,119.9825,3ZooCJzNMTLpmJaIRUEorI,Young Dro
1669,0.7285999999999999,0.5599000000000001,-7.5301,0.11267,0.06556300000000001,1.1400000000000001e-07,0.19185,0.49676,108.1692,3aQeKQSyrW4qWr35idm0cy,T-Pain
780,0.8341,0.5756,-7.807300000000001,0.21922000000000003,0.087214,4.45e-07,0.15953,0.43629999999999997,106.80550000000001,3gGUMEwIX6XodWsYEvKSal,YBN Nahmir
320,0.7408,0.5822999999999999,-7.705299999999999,0.1776,0.071295,4.5169999999999996e-05,0.1534,0.4838,130.9418,3hcs9uc56yIGFCSy9leWe7,Lil Durk
1939,0.7389,0.6083999999999999,-6.6402,0.19247,0.07352800000000001,0.0,0.15239,0.5868,117.30319999999999,3jksrX4oBklxR78ft8gv3j,Plies
1049,0.7344,0.6794,-6.172,0.21281,0.082965,5.714999999999999e-05,0.15938,0.5881000000000001,115.6037,3kf0gOpxWtkyeMNJVDQPtd,Smoke DZA
390,0.6206,0.714,-5.6977,0.3358,0.153856,0.022001935,0.13252,0.43146000000000007,122.1788,3kortApcf0ntRWexUkJE4H,Uncle Murda
1859,0.6294000000000001,0.5938,-6.0885,0.15099,0.35678,0.0,0.13820000000000002,0.42679999999999996,125.8576,3nViOFa3kZW8OMSNOzwr98,Queen Naija
350,0.6819,0.5692,-6.1352,0.21583999999999998,0.1648844,0.000446941,0.20281,0.3721,100.6,3s8alQfNnY0roAHaJh7Xxt,Dom Kennedy
710,0.6232,0.437,-9.2759,0.1142,0.41639,0.00098262,0.18644,0.4509,128.51950000000002,3tlXnStJ1fFhdScmQeLpuG,Brent Faiyaz
1509,0.8482,0.5408000000000001,-7.8381,0.3065,0.09178,0.00022627999999999998,0.1396,0.5395,128.0703,3uJx5SnOM59Li7lCxA3b29,Lil Keed
1239,0.7216,0.6897,-4.854699999999999,0.2596,0.147262,0.00010609000000000001,0.22416999999999998,0.5594,130.3279,3vDUJHQtqT3jFRZ2ECXDTi,Lloyd Banks
1679,0.6421,0.5195000000000001,-7.977200000000001,0.14171,0.22664900000000002,0.0006282460000000001,0.20783000000000001,0.36626,126.43019999999999,3x3jSlhyv5CiCZDZlaTq0M,Pi’erre Bourne
250,0.6805,0.46399999999999997,-8.9403,0.1115,0.2597,0.097241387,0.21427999999999997,0.41276999999999997,104.1848,45AMD9qU0ERQY5RvR7deHR,Che Ecru
1429,0.6452,0.7313000000000001,-5.1511,0.24369000000000002,0.081237,4.04e-06,0.30655,0.48,110.7,45a6gCQWq61lIUDmr1tKuO,Bun B
530,0.7962,0.611,-6.2873,0.13306,0.147948,3.2e-05,0.16004000000000002,0.45339999999999997,120.6327,46SHBwWsqBkxI7EeeBEQG7,Kodak Black
430,0.7546999999999999,0.5717,-7.4094,0.21284,0.05511119999999999,0.0,0.12519,0.3903,141.3262,4FlG0V0jhLO4qGpayFOphj,EST Gee
740,0.7438,0.6309,-6.3842,0.05702,0.225651,0.084627352,0.2231,0.45430000000000004,132.80610000000001,4Gso3d4CscCijv0lmajZWs,Don Toliver
120,0.6877,0.5095,-7.4231,0.06817,0.145565,0.000916762,0.12240999999999999,0.37992,114.6428,4HzKw8XcD0piJmDrrPRCYk,Majid Jordan
939,0.6559,0.5175,-7.5866,0.1573,0.41767000000000004,0.0024587700000000003,0.12094,0.35250000000000004,118.4831,4IVAbR2w4JJNJDDRFP3E83,6LACK
40,0.6696,0.6655,-6.3284,0.10697000000000001,0.204324,0.011068999999999999,0.16132,0.42584999999999995,127.9751,4O15NlyKLIASxsJ0PrXPfz,Lil Uzi Vert
230,0.625,0.7314,-5.1668,0.20605,0.03641,0.0,0.26295999999999997,0.4351,120.9103,4OBJLual30L7gRl5UkeRcT,T.I.
1779,0.5828,0.5942000000000001,-6.525,0.21557000000000004,0.44726,0.008317459000000001,0.12697,0.5042,110.9828,4ULO7IGI3M2bo0Ap7B9h8a,Teyana Taylor
70,0.6595,0.38899999999999996,-11.6463,0.13458,0.46849999999999997,0.000575131,0.14558,0.3311,111.78510000000001,4W49e48G0gg1pucAN6JiGH,Yo Trane
1329,0.7809999999999999,0.6241,-5.9718,0.14438,0.077919,4.53e-07,0.15931,0.42219999999999996,125.4967,4cmA2QDPdzh8W2ytpyUGes,Young Scooter
1529,0.5286,0.5364,-10.731,0.2933,0.53563,0.00410227,0.29088,0.40381,131.8071,4fpwOzxFRMVGfd197dKIdY,Boldy James
1959,0.7092,0.6914,-5.3381,0.21227000000000001,0.171927,0.0,0.15923,0.532,112.0625,4pr7J7wzgObkE3DD3Izi7q,Young Buck
60,0.679,0.5577,-7.5406,0.09763000000000001,0.172429,5.83e-07,0.14922,0.40280000000000005,129.0241,4tMm1dU6Gn04VAZ9ClHcIZ,Jacquees
620,0.657,0.7604,-5.6493,0.12535,0.0543434,1.22e-06,0.23007,0.40869999999999995,101.733,4yBK75WVCQXej1p04GWqxH,Jeezy
1369,0.7668,0.612,-7.021000000000001,0.16568,0.10670189999999999,0.000596704,0.21107,0.41900000000000004,120.26110000000001,50co4Is1HCEo8bhOyUWKpn,Young Thug
400,0.8221,0.7353,-5.3957999999999995,0.21559,0.15588000000000002,7.385e-06,0.17658000000000001,0.6507,117.93879999999999,5A7d4sfe5ZY1RRf90zlUeo,Crime Mob
1709,0.751,0.6308,-6.826600000000001,0.13460999999999998,0.11450800000000001,1.4484e-05,0.15189,0.43018999999999996,132.84980000000002,5IcR3N7QB1j6KBL8eImZ8m,ScHoolboy Q
1059,0.7931,0.6291,-5.4882,0.16971,0.11682000000000001,2.0939999999999998e-06,0.09504,0.4507,119.3125,5LHRHt1k9lMyONurDHEdrp,Tyga
180,0.7314,0.6606,-6.6747,0.22587000000000002,0.076625,1.1120000000000001e-06,0.2419,0.5427,112.136,5OrB6Jhhrl9y2PK0pSV4VP,Young Money
1439,0.6256,0.5401,-7.5187,0.18573,0.4755,0.00030888,0.14583,0.45708000000000004,104.00309999999999,5YHM0i7v5TqqibZhS0YiuX,Ryan Trey
1269,0.6133,0.5524,-8.5274,0.12125,0.32017,0.017435107,0.15291000000000002,0.40659999999999996,118.7673,5ZS223C6JyBfXasXxrRqOk,Jhené Aiko
1569,0.7802,0.4891,-8.8203,0.22058,0.18362,2.4168000000000003e-05,0.12908999999999998,0.47221,127.9606,5bgfj5zUoWpyeVatGDjn6H,K CAMP
1029,0.7815,0.7562,-4.8493,0.20600000000000002,0.09978000000000001,0.01540626,0.231,0.4484,126.2242,5dHt1vcEm9qb8fCyLcB3HL,A$AP Ferg
1019,0.7585,0.6817,-5.741,0.32296,0.086192,4.64e-05,0.3036,0.5237,88.536,5einkgXXrjhfYCyac1FANB,Lil Scrappy
1819,0.8683,0.5126000000000001,-6.736400000000001,0.33136,0.073394,8.739999999999999e-07,0.1621,0.3165,115.8443,5f7VJjfbwm532GiveGC0ZK,Lil Baby
280,0.7593,0.7341,-6.220999999999999,0.18759,0.098813,1.66e-06,0.23776999999999998,0.5659,140.5276,5gCRApTajqwbnHHPbr2Fpi,Juicy J
1639,0.7029,0.5711,-8.2943,0.23154,0.110846,0.0,0.28146,0.5474,115.8588,5lHRUCqkQZCIWeX7xG4sYT,Rich Homie Quan
1559,0.6262,0.6939,-6.2155000000000005,0.15330000000000002,0.114299,8.58e-06,0.316,0.5368999999999999,130.7452,5mNB8ykTlENptzmsxXRtdS,Shawty Lo
670,0.6898,0.6508,-6.938900000000001,0.29583,0.22515000000000002,0.000741,0.21158000000000002,0.5359,120.40920000000001,5oFkj1qSlyBUmV5d6Edgtq,Cozz
50,0.6017,0.6434,-7.158199999999999,0.24420999999999998,0.187113,4.16e-07,0.2537,0.40088999999999997,124.5429,5oNgAs7j5XcBMzWv3HAnHG,DJ Drama
1699,0.5726,0.7797,-5.0338,0.3056,0.099607,1.6399999999999999e-07,0.23702,0.5475,128.5054,5pnbUBPifNnlusY8kTBivi,Jadakiss
170,0.7798,0.6060000000000001,-7.004099999999999,0.3136,0.14838690000000002,0.002314717,0.14403,0.4708,134.2414,5yPzzu25VzEk8qrGTLIrE1,Young Nudy
340,0.7491,0.6058,-6.8131,0.11254,0.28981,4.14e-05,0.11096999999999999,0.5316,114.3047,5zctI4wO9XSKS8XwcnqEHk,Lil Mosey
290,0.7216,0.6061,-6.8267,0.08408,0.11912,0.000680511,0.13066,0.49030000000000007,136.8988,61qMnYXa1GxSBoV3IiYKjZ,Yung Pinch
1119,0.6246,0.6799999999999999,-6.6026,0.23933999999999997,0.33569,0.003991982,0.22540999999999997,0.4859,117.9025,67nwj3Y5sZQLl72VNUHEYE,Wale
300,0.7531,0.62,-7.3142,0.23025,0.343052,0.011153103000000001,0.31716,0.42214,117.9008,68kEuyFKyqrdQQLLsmiatm,Vince Staples
929,0.7107,0.7252,-5.9389,0.17929,0.091823,1.637e-05,0.3579,0.4523,136.0112,699OTQXzgjhIYAHMy9RyPD,Playboi Carti
1719,0.6562,0.7188,-5.997,0.315,0.15667,5.2400000000000007e-05,0.22702,0.5203,113.13910000000001,6AMa1VFQ7qCi61tCRtVWXe,Jim Jones
540,0.7855000000000001,0.6612,-7.1465000000000005,0.3033,0.16641,0.0,0.23659,0.471,116.3978,6AUl0ykLLpvTktob97x9hO,Tee Grizzley
1009,0.6479,0.6077,-8.4239,0.17076,0.51837,1.8350999999999998e-05,0.12379,0.49350000000000005,137.3894,6CqjoQyGZlnhnq5gAUz92c,Taylor Bennett
360,0.6542,0.6906,-7.4620999999999995,0.29867,0.21908802,7.774999999999999e-05,0.20508,0.7041000000000001,117.30440000000002,6DVipHzYsPlIoA0DW8Gmns,"Royce Da 5'9"""
750,0.64,0.5766,-8.854800000000001,0.22269999999999998,0.1715,0.084729,0.19184,0.3599,129.91320000000002,6FqXAd1hQl7vVdIQ3hhtgc,D. Savage
1279,0.7954,0.621,-6.018400000000001,0.19441,0.1821669,0.000838,0.19247,0.5316,120.38789999999999,6GMYJwaziB4ekv1Y6wCDWS,Soulja Boy
919,0.8352999999999999,0.6578999999999999,-6.1104,0.23994,0.029943000000000004,7.53e-06,0.26061,0.43920000000000003,135.4241,6Ha4aES39QiVjR0L2lwuwq,Yo Gotti
1899,0.6155,0.6757,-6.0277,0.10951,0.17003,0.00023516299999999998,0.20505,0.5522,111.3036,6If57j6e3TXXk0HiLcIZca,Sevyn Streeter
1619,0.7006,0.6112,-6.0815,0.08024,0.11132,0.0002526,0.21363000000000004,0.40149999999999997,116.26310000000001,6KZDXtSj0SzGOV705nNeh3,Kid Ink
1129,0.641,0.8218,-4.797,0.3104,0.12092,9.089e-05,0.31720000000000004,0.5221,119.47819999999999,6Uh8uJyN9g7oFjDK16nJgb,Juelz Santana
1189,0.7798999999999999,0.49640000000000006,-10.0914,0.25525,0.22942300000000002,0.002922454,0.24548,0.3426,123.4179,6WkUZyqghQei2G809wMKuZ,Yung Bans
1849,0.6295,0.7007,-6.655200000000001,0.22293000000000002,0.183846,0.000111834,0.18887,0.5045,121.3789,6X8WdFjrNhXATMDSs26aCc,Curren$y
1379,0.6426999999999999,0.6445000000000001,-5.7454,0.10630999999999999,0.1279404,1.06e-05,0.22780999999999998,0.35571,124.11970000000001,6Xgp2XMz1fhVYe7i6yNAax,Trippie Redd
1579,0.689,0.6549,-6.6898,0.29707,0.24539,0.00011840000000000002,0.1461,0.4681,101.66029999999999,6XpXnnKHIhCOUbOLOJGe6o,REASON
1879,0.7428,0.5911,-5.9399,0.07681,0.076447,0.0,0.13219,0.4426,111.628,6XwcepfAsPhrvwziGxhwju,Pretty Ricky
1339,0.7511,0.6869,-5.4899000000000004,0.18886,0.0779359,0.000107,0.201,0.5115000000000001,155.9043,6aIm51fHkokqlJn2vzNTH8,Webbie
1689,0.771,0.6028,-6.8904,0.3391,0.064,5.26e-05,0.16965000000000002,0.4385,145.7541,6aLoJJxz7MV2iZ423S8tJC,Doe Boy
30,0.7413000000000001,0.6285000000000001,-7.5813999999999995,0.26546,0.25594,0.020757789,0.2882,0.6008,126.79459999999999,6aaMZ3fcfLv4tEbmY7bjRM,Isaiah Rashad
1139,0.7866,0.693,-3.8539000000000003,0.09427,0.025367,0.0008815399999999999,0.16936,0.27782999999999997,144.81019999999998,6extd4B6hl8VTmnlhpl2bY,Huncho Jack
20,0.7234,0.6345,-6.4983,0.19634000000000001,0.0950636,0.0007559999999999999,0.3357,0.537,135.04749999999999,6f4XkbvYlXMH0QgVRzW0sM,Waka Flocka Flame
959,0.7217,0.6446,-6.4437,0.15165,0.12768,1.6567e-05,0.3068,0.517,131.385,6fxyWrfmjcbj5d12gXeiNV,Denzel Curry
840,0.5624444444444445,0.6311111111111111,-8.379888888888889,0.30444444444444446,0.14456666666666665,8.222222222222222e-07,0.3183888888888889,0.45311111111111113,118.374,6g8AmloI8egfrr3dm3SnUL,TWENTY88
1659,0.8627,0.6025,-5.8807,0.23805,0.09794,0.000136295,0.13869,0.3712,129.2563,6i392l38cR3uBPF0DbNs7S,Quality Control
1519,0.7229,0.609,-6.4011,0.17679,0.1448923,0.117327245,0.12921,0.4561,133.0194,6icQOAFXDZKsumw3YXyusw,Lil Yachty
1979,0.7028000000000001,0.5997999999999999,-7.9291,0.22007,0.21672000000000002,0.0079708,0.20335,0.44263,117.0522,6l3HvQ5sa6mXTsMTB19rO5,J. Cole
460,0.6426999999999999,0.7174,-6.0629,0.3056,0.11987300000000001,0.00037993799999999997,0.22469,0.507,131.7409,6mXlDbi03T8wXYwWYew0Ut,Rich Boy
810,0.857,0.6627,-5.1741,0.17865,0.122933,3.4680999999999995e-05,0.17252,0.42210000000000003,145.3963,6oMuImdp5ZcFhWP0ESe6mG,Migos
1099,0.4878,0.7957,-5.258,0.34672000000000003,0.27501,0.0006894,0.45825000000000005,0.5216999999999999,99.9478,6vHBuUxrcpn1do5UaEJ7g6,Domo Genesis
1649,0.7184,0.7304999999999999,-4.2972,0.20244,0.051429,0.001010133,0.3257,0.5255,142.54680000000002,6vXTefBL93Dj5IqAWq6OTv,French Montana
240,0.5368,0.7506999999999999,-5.8363,0.23124000000000003,0.021494,1.3899999999999999e-05,0.19498,0.34876,133.81279999999998,6vd2ks2rBpNPY4ebdEocpY,U.S.D.A.
1079,0.8944000000000001,0.6395000000000001,-6.7795000000000005,0.16104000000000002,0.090029,3.778e-06,0.18359999999999999,0.653,117.1654,6z1cicLMt9XArxN10q7m8a,Travis Porter
1589,0.7192000000000001,0.5686,-7.434900000000001,0.17155,0.36997,1.91e-05,0.16976,0.45970000000000005,116.8715,70gP6Ry4Uo0Yx6uzPIdaiJ,Bas
859,0.7887000000000001,0.5886,-7.8424000000000005,0.20106000000000002,0.15672,4.22e-05,0.20238,0.43790000000000007,110.01309999999998,757aE44tKEUQEqRuT6GnEB,Roddy Ricch
1759,0.688,0.6303,-7.4286,0.2805,0.243377,2.1098e-05,0.19827999999999998,0.457,104.575,75WcpJKWXBV3o3cfluWapK,Lute
820,0.5667,0.7156,-6.1249,0.26294,0.30117000000000005,2.057e-06,0.26907000000000003,0.6002,111.5412,7BMccF0hQFBpP6417k1OtQ,Action Bronson
80,0.7806,0.5538000000000001,-8.4747,0.13052,0.06270539,8.253e-06,0.14143,0.3444,121.7174,7FBDXY8U17aasVTH3rgxbS,Bankroll Fresh
1399,0.7594000000000001,0.5161,-8.4383,0.17399,0.28396,0.001435582,0.15882000000000002,0.3885,121.34360000000001,7GuUYiGZOzQwq4L6gAfy1T,SahBabii
220,0.5640000000000001,0.5580999999999999,-6.445600000000001,0.08973,0.29832000000000003,2.33e-05,0.18927,0.3129,116.1695,7HkdQ0gt53LP4zmHsL0nap,Ella Mai
1219,0.6695,0.6477,-7.7476,0.34782,0.2006297,1.22e-06,0.3117,0.4466,112.20450000000001,7a9KRWdaSZktpGGnWndzbC,Black Hippy
600,0.5551999999999999,0.9442,-0.43889999999999996,0.3241,0.14496,8.100000000000001e-07,0.3518,0.7067,125.63319999999999,7aA592KWirLsnfb5ulGWvU,Danny Brown
849,0.7369,0.4213,-11.1314,0.31135,0.5801999999999999,0.00045574000000000005,0.11578,0.5474,109.0148,7bpDJUH5hnffIYHID6h3Et,Caleborate
630,0.6538999999999999,0.6691,-5.8813,0.09544,0.16731000000000001,0.0019233749999999997,0.20019,0.4016,111.2367,7c0XG5cIJTrrAgEC3ULPiq,Ty Dolla $ign
310,0.6827,0.47430000000000005,-8.4548,0.06519,0.15672000000000003,0.093573418,0.24312,0.43150000000000005,125.61600000000001,7e1ICztHM2Sc4JNLxeMXYl,dvsn
899,0.7117,0.6446000000000001,-7.934,0.27414,0.0960186,0.017538222,0.2334,0.5569,119.6451,7f35VZGDpomj11PXdNn5D9,Max B
560,0.7906,0.5942999999999999,-6.6711,0.12117,0.15042,0.00012611,0.1085,0.36328,144.79569999999998,7iZtZyCzp3LItcw1wtPI3D,Rae Sremmurd
969,0.643,0.5657,-6.5354,0.13308,0.18203,0.0,0.15067,0.4907,103.73859999999999,7ibAWtDtmEfaVhc1FJ3Vl9,Eric Bellinger
1149,0.7615000000000001,0.7779,-5.3837,0.20567000000000002,0.0264017,0.012200158,0.25073,0.6134999999999999,128.9839,7jFaoqWPhYLrKzjzlpXmUO,David Banner
730,0.651,0.5871999999999999,-7.6131,0.18126,0.23248000000000002,1.6774999999999998e-05,0.15755000000000002,0.35767,104.28130000000002,7kFfY4UjNdNyaeUgLIEbIF,DeJ Loaf
470,0.6548999999999999,0.5213,-7.7513000000000005,0.1038,0.23782,1.5314000000000003e-05,0.15328,0.32730000000000004,121.8324,7mDU6nMUJnOSY2Hkjz5oqM,Roy Woods
380,0.7006,0.6405000000000001,-5.777200000000001,0.18071,0.09289,0.000157132,0.29775999999999997,0.3534,123.9348,7pFeBzX627ff0VnN6bxPR4,Desiigner
0,0.7702,0.62,-5.9013,0.15658,0.240083,0.000544126,0.16762000000000002,0.37259000000000003,132.827,7rkW85dBwwrJtlHRDkJDAC,NAV
1089,0.6879000000000001,0.6754,-7.8771,0.37127,0.12252700000000001,0.0,0.3225,0.5551,117.7725,7s47glsDg6fwq9KXNTsTpa,Gudda Gudda
1799,0.7826,0.6883,-5.931900000000001,0.21730999999999998,0.17346,2.6553999999999997e-05,0.17172,0.41899999999999993,119.92930000000001,7yO4IdJjCEPz7YgZMe25iS,A$AP Mob
